{
  "display": {
    "icon": {
      "item": "minecraft:mushroom_stew"
    },
    "title": "Mushroom Stew",
    "description": "Eat mushroom stew",
    "frame": "task",
    "show_toast": false,
    "announce_to_chat": false,
    "hidden": false
  },
  "parent": "zzz.balanced_diet:foraged/root",
    "criteria": {
      "requirement": {
        "trigger": "minecraft:consume_item",
        "conditions": {
          "item": {
            "items": [
              "minecraft:mushroom_stew"
            ]
          }
        }
      }
    },
    "rewards": {
      "function": "zzz.balanced_diet:health/inc_food_count"
    }
  }
  