[
    {
      "condition": "minecraft:any_of",
      "terms": [
        {
          "condition": "minecraft:entity_scores",
          "entity": "this",
          "scores": {
            "bd.unique_food": {
              "min": 0,
              "max": 3
            }
          }
        },
        {
          "condition": "minecraft:entity_scores",
          "entity": "this",
          "scores": {
            "bd.unique_food": {
              "min": 8,
              "max": 11
            }
          }
        },
        {
          "condition": "minecraft:entity_scores",
          "entity": "this",
          "scores": {
            "bd.unique_food": {
              "min": 16,
              "max": 19
            }
          }
        },
        {
          "condition": "minecraft:entity_scores",
          "entity": "this",
          "scores": {
            "bd.unique_food": {
              "min": 24,
              "max": 27
            }
          }
        },
        {
            "condition": "minecraft:entity_scores",
            "entity": "this",
            "scores": {
              "bd.unique_food": {
                "min": 34,
                "max": 39
              }
            }
          }
      ]
    }
  ]
  